zone,timestamp,gesture_pred,ground_truth,case_id,pos_x,pos_y
1,1764351386.5378547,PALM,PALM,2,2158,1475
1,1764351387.0397208,PALM,PALM,2,2145,1470
1,1764351387.5460713,PALM,PALM,2,2089,1472
1,1764351388.0609534,PALM,PALM,2,2066,1483
1,1764351388.574927,PALM,PALM,2,2043,1496
1,1764351389.084625,PALM,PALM,2,2017,1507
1,1764351389.6045291,PALM,PALM,2,1991,1517
1,1764351390.1235569,PALM,PALM,2,1971,1537
1,1764351390.6253557,PALM,PALM,2,2030,1530
1,1764351391.1339161,PALM,PALM,2,2074,1504
1,1764351391.6502533,PALM,PALM,2,2139,1503
1,1764351392.1510127,PALM,PALM,2,2127,1487
1,1764351392.6668794,PALM,PALM,2,2067,1508
1,1764351396.2787776,FIST,FIST,3,2058,1523
1,1764351396.7908056,FIST,FIST,3,2054,1524
1,1764351397.3024676,FIST,FIST,3,2061,1501
1,1764351397.8078039,FIST,FIST,3,2079,1527
1,1764351398.3096225,FIST,FIST,3,2095,1584
1,1764351398.8253133,FIST,FIST,3,2144,1650
1,1764351399.3268304,FIST,FIST,3,2171,1631
1,1764351399.8467748,FIST,FIST,3,2121,1569
1,1764351400.3580256,FIST,FIST,3,2052,1553
1,1764351400.8745334,FIST,FIST,3,2015,1510
1,1764351401.3884141,FIST,FIST,3,1982,1476
1,1764351401.901678,FIST,FIST,3,1984,1410
1,1764351402.421382,FIST,FIST,3,2012,1368
1,1764351402.9515424,FIST,FIST,3,2045,1347
1,1764351403.4560206,FIST,FIST,3,2062,1344
1,1764351403.9605875,FIST,FIST,3,2064,1338
1,1764351404.4666772,FIST,FIST,3,2096,1326
1,1764351404.9806476,FIST,FIST,3,2135,1324
1,1764351405.4875398,FIST,FIST,3,2187,1321
1,1764351405.989773,,FIST,6,,
1,1764351406.5004597,,FIST,6,,
1,1764351407.0158937,,FIST,6,,
1,1764351407.5184417,,FIST,6,,
1,1764351408.0371785,,FIST,6,,
1,1764351408.562421,,FIST,6,,
1,1764351409.0859833,,FIST,6,,
1,1764351409.614886,,FIST,6,,
1,1764351410.12193,,FIST,6,,
1,1764351410.6357548,,FIST,6,,
1,1764351411.1417508,,FIST,6,,
1,1764351416.8245387,,PALM,5,,
1,1764351417.330454,,PALM,5,,
1,1764351417.8481276,PALM,PALM,2,1995,1376
1,1764351418.352863,PALM,PALM,2,1961,1401
1,1764351418.858528,PALM,PALM,2,1924,1431
1,1764351419.3788757,PALM,PALM,2,1923,1441
1,1764351419.9203742,PALM,PALM,2,1925,1478
1,1764351420.425921,PALM,PALM,2,1934,1427
1,1764351420.9681027,PALM,PALM,2,1963,1436
1,1764351421.4854677,PALM,PALM,2,1906,1506
1,1764351422.0035431,PALM,PALM,2,1871,1523
1,1764351422.513386,PALM,PALM,2,1867,1529
1,1764351423.0320141,PALM,PALM,2,1850,1545
1,1764351423.553381,PALM,PALM,2,1813,1570
1,1764351424.071143,PALM,PALM,2,1843,1468
1,1764351424.5740612,PALM,PALM,2,1902,1402
1,1764351425.0840528,PALM,PALM,2,1910,1362
1,1764351425.5881941,PALM,PALM,2,1961,1310
1,1764351426.1031349,PALM,PALM,2,1940,1303
1,1764351426.6199687,PALM,PALM,2,1941,1288
1,1764351427.1318657,PALM,PALM,2,2010,1236
1,1764351427.648499,PALM,PALM,2,2069,1213
1,1764351428.165215,PALM,PALM,2,2052,1226
1,1764351428.6750534,PALM,PALM,2,2059,1232
1,1764351429.1927373,PALM,PALM,2,2074,1243
1,1764351429.7135885,PALM,PALM,2,1984,1312
1,1764351430.2267158,PALM,PALM,2,2032,1379
1,1764351430.7319028,PALM,PALM,2,1966,1425
1,1764351431.2374115,PALM,PALM,2,1992,1432
1,1764351431.745661,PALM,PALM,2,2023,1472
1,1764351432.2537868,PALM,PALM,2,2104,1501
1,1764351432.7551348,PALM,PALM,2,2064,1513
1,1764351433.269993,PALM,PALM,2,1938,1433
1,1764351433.7814846,PALM,PALM,2,1832,1373
1,1764351435.2350154,PALM,FIST,4,1754,1393
1,1764351435.74567,PALM,FIST,4,1776,1351
1,1764351436.266978,FIST,FIST,3,1776,1333
1,1764351436.7709677,FIST,FIST,3,1784,1323
1,1764351437.2772467,FIST,FIST,3,1794,1327
1,1764351437.79367,FIST,FIST,3,1785,1334
1,1764351438.307332,FIST,FIST,3,1846,1340
1,1764351438.8235915,FIST,FIST,3,1874,1331
1,1764351439.326523,FIST,FIST,3,1868,1296
1,1764351439.8441489,FIST,FIST,3,1841,1270
1,1764351440.3446834,FIST,FIST,3,1850,1256
1,1764351440.8531156,FIST,FIST,3,1881,1287
1,1764351441.3757675,FIST,FIST,3,1901,1347
1,1764351441.8794606,FIST,FIST,3,1912,1368
1,1764351442.3819466,FIST,FIST,3,1918,1398
1,1764351442.8902788,FIST,FIST,3,1942,1416
1,1764351443.3962328,FIST,FIST,3,1954,1421
1,1764351443.9018703,FIST,FIST,3,1977,1425
1,1764351444.403647,FIST,FIST,3,1965,1423
1,1764351444.9238288,FIST,FIST,3,2023,1436
1,1764351445.4413607,FIST,FIST,3,2031,1450
1,1764351445.9561212,,FIST,6,,
1,1764351446.4577248,,FIST,6,,
1,1764351446.9674819,,FIST,6,,
1,1764351447.475143,,FIST,6,,
1,1764351447.9843478,,FIST,6,,
1,1764351448.4982111,,FIST,6,,
1,1764351449.0104947,,FIST,6,,
1,1764351451.687777,,PALM,5,,
1,1764351452.679111,,PALM,5,,
1,1764351453.199102,,PALM,5,,
1,1764351453.7070146,PALM,PALM,2,1983,1482
1,1764351454.220006,PALM,PALM,2,1966,1483
1,1764351454.7318003,PALM,PALM,2,1974,1481
1,1764351455.247988,PALM,PALM,2,1977,1468
1,1764351455.755804,PALM,PALM,2,2011,1437
1,1764351456.260795,PALM,PALM,2,1981,1454
1,1764351456.7631993,PALM,PALM,2,1990,1460
1,1764351457.266193,PALM,PALM,2,2028,1475
1,1764351457.78172,PALM,PALM,2,2014,1495
1,1764351458.288881,PALM,PALM,2,2099,1535
2,1764351474.9373906,PALM,PALM,2,1379,1350
2,1764351475.447992,PALM,PALM,2,1383,1321
2,1764351475.96431,PALM,PALM,2,1374,1318
2,1764351476.474539,PALM,PALM,2,1379,1322
2,1764351476.9934344,PALM,PALM,2,1383,1317
2,1764351477.5028121,PALM,PALM,2,1390,1327
2,1764351478.0291915,PALM,PALM,2,1383,1330
2,1764351478.5542934,PALM,PALM,2,1389,1320
2,1764351479.0631332,PALM,PALM,2,1293,1285
2,1764351479.591833,PALM,PALM,2,1256,1269
2,1764351480.0997744,PALM,PALM,2,1215,1220
2,1764351480.6027353,PALM,PALM,2,1202,1214
2,1764351481.1402442,PALM,PALM,2,1250,1211
2,1764351481.6613712,PALM,PALM,2,1403,1216
2,1764351482.1684093,PALM,PALM,2,1452,1239
2,1764351482.6845133,PALM,PALM,2,1506,1251
2,1764351483.1921158,PALM,PALM,2,1541,1287
2,1764351483.7101557,PALM,PALM,2,1523,1317
2,1764351484.212011,PALM,PALM,2,1527,1342
2,1764351484.7274206,PALM,PALM,2,1439,1388
2,1764351485.2307565,PALM,PALM,2,1367,1428
2,1764351485.7358902,PALM,PALM,2,1278,1458
2,1764351486.237013,PALM,PALM,2,1235,1471
2,1764351486.7374864,PALM,PALM,2,1187,1485
2,1764351487.2470534,PALM,PALM,2,1093,1461
2,1764351487.7534482,PALM,PALM,2,1000,1434
2,1764351488.2683752,PALM,PALM,2,942,1417
2,1764351488.7998319,PALM,PALM,2,877,1378
2,1764351489.3214812,PALM,PALM,2,868,1289
2,1764351489.841118,PALM,PALM,2,888,1248
2,1764351490.3512394,PALM,PALM,2,931,1203
2,1764351490.853317,PALM,PALM,2,979,1194
2,1764351491.371855,PALM,PALM,2,1046,1207
2,1764351491.8781662,PALM,PALM,2,1124,1230
2,1764351492.3847167,PALM,PALM,2,1159,1249
2,1764351492.9021378,PALM,PALM,2,1215,1261
2,1764351493.4117963,PALM,PALM,2,1278,1282
2,1764351493.920306,PALM,PALM,2,1346,1284
2,1764351494.4207869,PALM,PALM,2,1407,1285
2,1764351494.9212759,PALM,PALM,2,1432,1310
2,1764351495.4415228,PALM,PALM,2,1470,1357
2,1764351495.959769,PALM,PALM,2,1479,1372
2,1764351496.467588,PALM,PALM,2,1454,1373
2,1764351496.9846833,PALM,PALM,2,1468,1391
2,1764351497.4892356,PALM,PALM,2,1416,1396
2,1764351498.0061908,PALM,PALM,2,1329,1332
2,1764351498.5111823,PALM,PALM,2,1331,1355
2,1764351499.0132282,PALM,PALM,2,1248,1280
2,1764351499.5200129,PALM,PALM,2,1145,1263
2,1764351500.0286937,PALM,PALM,2,1075,1278
2,1764351500.545999,PALM,PALM,2,1029,1315
2,1764351501.049345,PALM,PALM,2,1021,1322
2,1764351501.5642076,PALM,PALM,2,1088,1247
2,1764351502.068426,PALM,PALM,2,1252,1312
2,1764351502.5700586,PALM,PALM,2,1284,1363
2,1764351503.072968,PALM,PALM,2,1301,1413
2,1764351503.584332,PALM,PALM,2,1291,1369
2,1764351504.1021707,PALM,PALM,2,1240,1328
2,1764351510.5730407,,FIST,6,,
2,1764351511.0755026,FIST,FIST,3,1301,1245
2,1764351511.6011496,FIST,FIST,3,1278,1242
2,1764351512.1189723,FIST,FIST,3,1285,1244
2,1764351512.630558,FIST,FIST,3,1280,1253
2,1764351513.138933,FIST,FIST,3,1267,1256
2,1764351513.645657,FIST,FIST,3,1245,1283
2,1764351514.1468396,FIST,FIST,3,1231,1352
2,1764351514.663591,FIST,FIST,3,1236,1351
2,1764351515.1867428,FIST,FIST,3,1184,1305
2,1764351515.6976016,FIST,FIST,3,1093,1265
2,1764351516.212244,FIST,FIST,3,1029,1224
2,1764351516.7291849,FIST,FIST,3,933,1199
2,1764351517.2420146,FIST,FIST,3,881,1173
2,1764351517.7598042,FIST,FIST,3,849,1216
2,1764351518.2607772,FIST,FIST,3,858,1274
2,1764351518.7717454,FIST,FIST,3,854,1306
2,1764351519.2893841,FIST,FIST,3,873,1338
2,1764351519.805156,FIST,FIST,3,881,1369
2,1764351520.3070061,FIST,FIST,3,891,1433
2,1764351520.8200188,FIST,FIST,3,1012,1493
2,1764351521.3425677,FIST,FIST,3,1183,1517
2,1764351521.8544881,FIST,FIST,3,1352,1514
2,1764351522.377337,FIST,FIST,3,1431,1515
2,1764351522.8885503,FIST,FIST,3,1485,1522
2,1764351523.400102,FIST,FIST,3,1526,1505
2,1764351523.913188,FIST,FIST,3,1584,1480
2,1764351524.4165044,FIST,FIST,3,1642,1418
2,1764351524.931249,FIST,FIST,3,1638,1323
2,1764351525.446868,PALM,FIST,4,1632,1257
2,1764351525.9651077,FIST,FIST,3,1533,1256
2,1764351526.4690316,FIST,FIST,3,1518,1271
2,1764351526.9745693,FIST,FIST,3,1442,1246
2,1764351527.4758697,FIST,FIST,3,1375,1217
2,1764351527.9933941,FIST,FIST,3,1275,1196
2,1764351528.5094717,FIST,FIST,3,1174,1190
2,1764351529.0137434,FIST,FIST,3,1134,1239
2,1764351529.520667,FIST,FIST,3,1141,1298
2,1764351530.0378602,FIST,FIST,3,1105,1398
2,1764351530.5385027,FIST,FIST,3,1074,1510
2,1764351531.0427296,FIST,FIST,3,1166,1520
2,1764351531.5480936,FIST,FIST,3,1272,1534
2,1764351532.070866,FIST,FIST,3,1438,1547
2,1764351532.572154,FIST,FIST,3,1558,1521
2,1764351533.0860183,FIST,FIST,3,1476,1520
2,1764351543.4930289,,FIST,6,,
2,1764351544.0015569,,FIST,6,,
2,1764351544.5220902,,FIST,6,,
2,1764351545.0326958,,FIST,6,,
2,1764351545.5509238,,FIST,6,,
2,1764351546.0648627,FIST,FIST,3,1090,1322
2,1764351546.575955,FIST,FIST,3,1103,1346
2,1764351547.0893874,FIST,FIST,3,1119,1342
2,1764351547.5965989,FIST,FIST,3,1169,1349
2,1764351548.1015878,FIST,FIST,3,1203,1342
2,1764351548.6178093,FIST,FIST,3,1220,1338
2,1764351549.1402907,FIST,FIST,3,1261,1347
2,1764351549.6549416,FIST,FIST,3,1338,1362
2,1764351550.163697,FIST,FIST,3,1376,1359
2,1764351550.683659,FIST,FIST,3,1423,1357
2,1764351551.2042525,FIST,FIST,3,1472,1374
3,1764351561.5823982,PALM,PALM,2,480,1376
3,1764351562.1005614,PALM,PALM,2,474,1369
3,1764351562.610342,PALM,PALM,2,480,1367
3,1764351563.1219227,PALM,PALM,2,453,1349
3,1764351563.6334627,PALM,PALM,2,502,1383
3,1764351564.14183,PALM,PALM,2,501,1406
3,1764351564.6448896,PALM,PALM,2,579,1394
3,1764351565.1582744,PALM,PALM,2,756,1402
3,1764351565.658633,PALM,PALM,2,867,1438
3,1764351566.1757245,PALM,PALM,2,892,1395
3,1764351566.6922147,PALM,PALM,2,877,1351
3,1764351567.208005,PALM,PALM,2,777,1261
3,1764351567.7216532,PALM,PALM,2,696,1216
3,1764351568.2340164,PALM,PALM,2,636,1198
3,1764351568.7482727,PALM,PALM,2,523,1169
3,1764351569.2605693,PALM,PALM,2,492,1164
3,1764351569.764452,PALM,PALM,2,459,1180
3,1764351570.2796485,PALM,PALM,2,490,1224
3,1764351570.7841468,PALM,PALM,2,464,1261
3,1764351571.291721,PALM,PALM,2,469,1324
3,1764351571.801031,PALM,PALM,2,447,1405
3,1764351572.3089435,PALM,PALM,2,471,1436
3,1764351572.8245482,PALM,PALM,2,484,1470
3,1764351573.3313093,PALM,PALM,2,541,1482
3,1764351573.8480196,PALM,PALM,2,515,1474
3,1764351574.3653193,PALM,PALM,2,626,1485
3,1764351574.87802,PALM,PALM,2,765,1470
3,1764351575.3811789,PALM,PALM,2,873,1357
3,1764351575.8846881,PALM,PALM,2,909,1247
3,1764351576.3877017,PALM,PALM,2,848,1175
3,1764351576.906342,PALM,PALM,2,805,1200
3,1764351577.4209929,PALM,PALM,2,769,1262
3,1764351577.9349513,PALM,PALM,2,745,1340
3,1764351578.4519835,PALM,PALM,2,749,1372
3,1764351578.953981,PALM,PALM,2,732,1403
3,1764351579.4705079,PALM,PALM,2,733,1454
3,1764351584.0267296,,FIST,6,,
3,1764351584.5400386,FIST,FIST,3,602,1369
3,1764351585.0512462,FIST,FIST,3,623,1318
3,1764351585.5582778,FIST,FIST,3,599,1303
3,1764351586.0642333,FIST,FIST,3,585,1314
3,1764351586.5761132,FIST,FIST,3,597,1301
3,1764351587.090136,FIST,FIST,3,505,1258
3,1764351587.5916939,FIST,FIST,3,449,1218
3,1764351588.0973384,FIST,FIST,3,387,1227
3,1764351588.612051,FIST,FIST,3,419,1269
3,1764351589.116878,FIST,FIST,3,519,1204
3,1764351589.6398482,FIST,FIST,3,669,1136
3,1764351590.1510408,FIST,FIST,3,827,1167
3,1764351590.654715,FIST,FIST,3,884,1263
3,1764351591.1664047,FIST,FIST,3,896,1394
3,1764351591.6723928,FIST,FIST,3,850,1459
3,1764351592.1800137,FIST,FIST,3,835,1508
3,1764351592.701733,FIST,FIST,3,809,1534
3,1764351593.2298183,FIST,FIST,3,721,1503
3,1764351593.7443247,FIST,FIST,3,578,1436
3,1764351594.2600594,FIST,FIST,3,448,1442
3,1764351594.7651508,,FIST,6,,
3,1764351595.2652981,,FIST,6,,
3,1764351595.7717211,,FIST,6,,
3,1764351596.2790759,,FIST,6,,
3,1764351596.7808926,,FIST,6,,
3,1764351597.2937064,,FIST,6,,
3,1764351602.1883912,FIST,FIST,3,412,1451
3,1764351602.6958,FIST,FIST,3,449,1388
3,1764351603.2001987,FIST,FIST,3,456,1351
3,1764351603.7054644,FIST,FIST,3,455,1332
3,1764351604.220868,FIST,FIST,3,413,1414
3,1764351604.7277095,FIST,FIST,3,382,1487
3,1764351605.2357585,FIST,FIST,3,403,1514
3,1764351605.7437003,FIST,FIST,3,364,1554
3,1764351606.2556393,FIST,FIST,3,351,1525
3,1764351606.768503,FIST,FIST,3,396,1476
3,1764351607.2775419,FIST,FIST,3,404,1373
3,1764351607.7880123,FIST,FIST,3,430,1312
3,1764351608.2882383,FIST,FIST,3,432,1267
3,1764351608.8051727,FIST,FIST,3,479,1239
3,1764351609.3326583,FIST,FIST,3,537,1290
3,1764351614.9720092,PALM,PALM,2,373,1585
3,1764351615.489107,PALM,PALM,2,370,1587
3,1764351615.9913845,PALM,PALM,2,373,1529
3,1764351616.5130954,PALM,PALM,2,414,1486
3,1764351617.0233746,PALM,PALM,2,437,1459
3,1764351617.5289068,PALM,PALM,2,433,1404
3,1764351618.0420992,PALM,PALM,2,474,1328
3,1764351618.550044,PALM,PALM,2,526,1230
3,1764351619.064745,PALM,PALM,2,594,1172
3,1764351619.582745,PALM,PALM,2,735,1245
3,1764351620.0965295,PALM,PALM,2,830,1351
3,1764351620.6053116,PALM,PALM,2,862,1439
3,1764351621.119978,PALM,PALM,2,831,1508
3,1764351621.6404796,PALM,PALM,2,727,1524
3,1764351622.1622837,PALM,PALM,2,667,1600
3,1764351622.665714,PALM,PALM,2,746,1623
3,1764351623.1708484,PALM,PALM,2,752,1532
3,1764351623.673283,PALM,PALM,2,743,1411
3,1764351624.1891673,PALM,PALM,2,695,1361
3,1764351624.6995156,PALM,PALM,2,540,1227
3,1764351625.2140112,PALM,PALM,2,452,1196
3,1764351625.7238445,PALM,PALM,2,356,1160
3,1764351626.2288206,PALM,PALM,2,311,1166
3,1764351626.7549958,PALM,PALM,2,331,1189
3,1764351627.265854,PALM,PALM,2,490,1287
3,1764351627.7721803,PALM,PALM,2,514,1315
3,1764351628.2776704,PALM,PALM,2,559,1349
3,1764351628.7812197,PALM,PALM,2,531,1381
3,1764351629.293937,PALM,PALM,2,618,1431
3,1764351629.7991672,PALM,PALM,2,621,1510
3,1764351630.3115306,PALM,PALM,2,564,1555
3,1764351630.832369,PALM,PALM,2,542,1567
3,1764351631.3378232,PALM,PALM,2,597,1540
3,1764351631.8382592,PALM,PALM,2,573,1471
3,1764351632.354686,PALM,PALM,2,548,1406
3,1764351632.856109,PALM,PALM,2,449,1335
3,1764351633.369663,PALM,PALM,2,435,1291
3,1764351633.8806963,PALM,PALM,2,419,1273
3,1764351634.3921313,PALM,PALM,2,598,1248
3,1764351634.900156,PALM,PALM,2,604,1147
3,1764351635.4167414,PALM,PALM,2,573,1115
4,1764351650.337079,,PALM,5,,
4,1764351650.8484688,,PALM,5,,
4,1764351651.3669324,PALM,PALM,2,588,477
4,1764351651.8726058,PALM,PALM,2,600,491
4,1764351652.3908842,PALM,PALM,2,592,500
4,1764351652.910572,PALM,PALM,2,575,483
4,1764351653.4153903,PALM,PALM,2,512,466
4,1764351653.9206176,PALM,PALM,2,416,451
4,1764351654.42551,PALM,PALM,2,443,446
4,1764351654.9300437,PALM,PALM,2,437,479
4,1764351655.4474294,PALM,PALM,2,455,510
4,1764351655.9587703,PALM,PALM,2,560,475
4,1764351656.4682465,PALM,PALM,2,675,437
4,1764351656.9739003,PALM,PALM,2,658,439
4,1764351657.4832268,PALM,PALM,2,505,499
4,1764351658.0140996,PALM,PALM,2,330,532
4,1764351658.5456617,PALM,PALM,2,393,576
4,1764351659.06149,,PALM,5,,
4,1764351659.5894392,,PALM,5,,
4,1764351660.0994794,,PALM,5,,
4,1764351660.6150193,,PALM,5,,
4,1764351661.1209462,,PALM,5,,
4,1764351661.6250377,,PALM,5,,
4,1764351662.1415226,PALM,PALM,2,635,531
4,1764351662.6421666,PALM,PALM,2,541,528
4,1764351663.1650422,PALM,PALM,2,508,516
4,1764351663.690469,PALM,PALM,2,414,497
4,1764351664.2027342,PALM,PALM,2,364,496
4,1764351664.7176647,PALM,PALM,2,300,520
4,1764351665.229714,PALM,PALM,2,314,512
4,1764351665.74529,PALM,PALM,2,324,482
4,1764351666.2533023,PALM,PALM,2,373,464
4,1764351684.8924782,FIST,FIST,3,576,501
4,1764351685.4148166,FIST,FIST,3,589,487
4,1764351685.9336743,FIST,FIST,3,597,444
4,1764351686.4370167,FIST,FIST,3,586,390
4,1764351686.958022,FIST,FIST,3,587,399
4,1764351687.4757187,FIST,FIST,3,563,425
4,1764351687.9858325,FIST,FIST,3,547,497
4,1764351688.486976,FIST,FIST,3,483,475
4,1764351688.998614,FIST,FIST,3,437,512
4,1764351689.521065,FIST,FIST,3,431,496
4,1764351690.0253167,FIST,FIST,3,470,485
4,1764351690.5321565,FIST,FIST,3,543,376
4,1764351691.0345354,,FIST,6,,
4,1764351691.5426424,,FIST,6,,
4,1764351692.0506775,,FIST,6,,
4,1764351692.556002,,FIST,6,,
4,1764351693.0656826,,FIST,6,,
4,1764351693.5882275,,FIST,6,,
4,1764351694.1015291,,FIST,6,,
4,1764351694.61131,,FIST,6,,
4,1764351695.1288745,,FIST,6,,
4,1764351706.4707608,FIST,FIST,3,554,525
4,1764351706.986517,FIST,FIST,3,545,526
4,1764351707.503437,FIST,FIST,3,484,497
4,1764351708.0168905,FIST,FIST,3,494,480
4,1764351708.5252154,FIST,FIST,3,457,472
4,1764351709.034487,FIST,FIST,3,512,485
4,1764351709.5423443,FIST,FIST,3,458,462
4,1764351710.0601647,FIST,FIST,3,481,459
4,1764351710.5678477,FIST,FIST,3,419,425
4,1764351711.0825408,FIST,FIST,3,488,463
4,1764351711.5986588,FIST,FIST,3,471,454
4,1764351712.1123998,FIST,FIST,3,501,490
4,1764351712.6281075,FIST,FIST,3,483,509
4,1764351713.13991,FIST,FIST,3,485,550
4,1764351713.6400409,FIST,FIST,3,535,552
4,1764351714.142278,FIST,FIST,3,583,481
4,1764351714.6570024,,FIST,6,,
4,1764351715.1700563,,FIST,6,,
4,1764351715.684187,,FIST,6,,
4,1764351716.2003198,,FIST,6,,
4,1764351716.7032871,,FIST,6,,
4,1764351717.212999,,FIST,6,,
4,1764351722.5708337,,PALM,5,,
4,1764351723.0885515,,PALM,5,,
4,1764351723.5923088,,PALM,5,,
4,1764351724.1016133,,PALM,5,,
4,1764351724.6076515,,PALM,5,,
4,1764351725.1113183,,PALM,5,,
4,1764351725.6287239,,PALM,5,,
4,1764351726.145709,,PALM,5,,
4,1764351726.6496162,,PALM,5,,
4,1764351727.154323,,PALM,5,,
4,1764351727.6671104,PALM,PALM,2,480,543
4,1764351728.1728866,PALM,PALM,2,535,574
4,1764351728.711911,PALM,PALM,2,533,582
4,1764351729.2244842,PALM,PALM,2,559,578
4,1764351729.7375045,PALM,PALM,2,487,584
4,1764351730.2429118,PALM,PALM,2,396,547
4,1764351730.750754,PALM,PALM,2,369,503
4,1764351731.2617688,PALM,PALM,2,368,488
4,1764351731.785741,PALM,PALM,2,434,481
4,1764351732.2977989,PALM,PALM,2,435,443
4,1764351732.8042338,PALM,PALM,2,420,417
4,1764351733.3220375,PALM,PALM,2,384,412
4,1764351733.840925,PALM,PALM,2,317,418
4,1764351734.3452017,PALM,PALM,2,350,435
4,1764351734.84772,PALM,PALM,2,437,434
4,1764351735.3579426,PALM,PALM,2,479,451
4,1764351735.8833458,PALM,PALM,2,561,455
4,1764351736.4085813,PALM,PALM,2,613,486
4,1764351736.911263,PALM,PALM,2,619,532
4,1764351737.4203117,PALM,PALM,2,639,576
4,1764351737.9320116,PALM,PALM,2,638,609
4,1764351738.4373415,PALM,PALM,2,608,629
4,1764351738.9386303,PALM,PALM,2,542,625
4,1764351739.451263,PALM,PALM,2,501,582
4,1764351739.9523523,PALM,PALM,2,535,528
4,1764351740.4648342,PALM,PALM,2,511,498
4,1764351740.98799,PALM,PALM,2,556,468
4,1764351741.4944766,PALM,PALM,2,630,412
4,1764351742.0129685,PALM,PALM,2,657,363
4,1764351742.5141418,PALM,PALM,2,654,362
4,1764351743.036514,PALM,PALM,2,597,402
4,1764351743.5551298,PALM,PALM,2,641,420
4,1764351744.0614908,PALM,PALM,2,707,447
4,1764351744.5711172,PALM,PALM,2,691,495
5,1764351766.9394426,PALM,PALM,2,1354,673
5,1764351767.454705,PALM,PALM,2,1351,661
5,1764351767.9709458,PALM,PALM,2,1355,637
5,1764351768.4846237,PALM,PALM,2,1349,608
5,1764351769.004701,PALM,PALM,2,1314,572
5,1764351769.5230777,PALM,PALM,2,1323,567
5,1764351770.0403423,PALM,PALM,2,1331,553
5,1764351770.5559628,PALM,PALM,2,1309,532
5,1764351771.0620973,PALM,PALM,2,1318,524
5,1764351771.566208,PALM,PALM,2,1314,500
5,1764351772.0677595,PALM,PALM,2,1355,491
5,1764351772.5900943,PALM,PALM,2,1333,491
5,1764351773.1092072,PALM,PALM,2,1342,495
5,1764351773.6213622,PALM,PALM,2,1349,474
5,1764351774.1328354,PALM,PALM,2,1360,438
5,1764351774.6555886,PALM,PALM,2,1355,407
5,1764351775.1652308,PALM,PALM,2,1406,464
5,1764351775.6716876,PALM,PALM,2,1464,449
5,1764351776.1837249,PALM,PALM,2,1357,454
5,1764351776.689537,PALM,PALM,2,1288,437
5,1764351777.1985404,,PALM,5,,
5,1764351777.7037067,,PALM,5,,
5,1764351778.231151,,PALM,5,,
5,1764351778.75198,,PALM,5,,
5,1764351779.252866,,PALM,5,,
5,1764351779.7837415,,PALM,5,,
5,1764351780.29047,,PALM,5,,
5,1764351780.8071818,PALM,PALM,2,1305,617
5,1764351781.3266282,,PALM,5,,
5,1764351781.8397791,,PALM,5,,
5,1764351782.3579493,PALM,PALM,2,1338,652
5,1764351782.8637547,PALM,PALM,2,1344,647
5,1764351783.3687143,PALM,PALM,2,1341,641
5,1764351783.8806605,PALM,PALM,2,1333,620
5,1764351784.3809133,PALM,PALM,2,1337,625
5,1764351784.8967223,PALM,PALM,2,1373,626
5,1764351787.0836658,FIST,FIST,3,1350,597
5,1764351787.5857072,FIST,FIST,3,1353,593
5,1764351788.0861702,FIST,FIST,3,1365,566
5,1764351788.5900857,FIST,FIST,3,1370,518
5,1764351789.1058445,FIST,FIST,3,1364,492
5,1764351789.624148,FIST,FIST,3,1361,485
5,1764351790.1378803,FIST,FIST,3,1277,479
5,1764351790.646953,FIST,FIST,3,1237,483
5,1764351791.1502726,FIST,FIST,3,1196,457
5,1764351791.6524668,FIST,FIST,3,1190,415
5,1764351792.1678076,FIST,FIST,3,1330,443
5,1764351792.6830297,FIST,FIST,3,1363,456
5,1764351793.1885824,FIST,FIST,3,1418,462
5,1764351793.7032156,FIST,FIST,3,1428,457
5,1764351794.215994,FIST,FIST,3,1429,457
5,1764351794.7273,FIST,FIST,3,1476,445
5,1764351795.2471104,FIST,FIST,3,1485,439
5,1764351795.7588017,FIST,FIST,3,1512,412
5,1764351796.2713304,FIST,FIST,3,1479,411
5,1764351796.7901318,FIST,FIST,3,1411,379
5,1764351797.2943106,FIST,FIST,3,1373,385
5,1764351797.798314,FIST,FIST,3,1329,406
5,1764351798.3015697,FIST,FIST,3,1255,405
5,1764351798.8113735,FIST,FIST,3,1151,393
5,1764351799.314304,,FIST,6,,
5,1764351799.8179324,,FIST,6,,
5,1764351800.327905,FIST,FIST,3,1040,509
5,1764351800.8368313,FIST,FIST,3,1040,542
5,1764351801.341001,FIST,FIST,3,1035,562
5,1764351801.8500874,FIST,FIST,3,1032,575
5,1764351802.3528562,FIST,FIST,3,1060,610
5,1764351802.8655353,FIST,FIST,3,1165,628
5,1764351803.3666058,FIST,FIST,3,1271,629
5,1764351803.8881397,,FIST,6,,
5,1764351804.3951209,,FIST,6,,
5,1764351804.8992894,,FIST,6,,
5,1764351805.4088125,PALM,FIST,4,1589,523
5,1764351805.9342132,FIST,FIST,3,1604,491
5,1764351806.435112,FIST,FIST,3,1617,485
5,1764351806.9497015,FIST,FIST,3,1628,474
5,1764351807.4601188,FIST,FIST,3,1682,409
5,1764351807.9646885,FIST,FIST,3,1690,347
5,1764351808.4647248,FIST,FIST,3,1548,404
5,1764351808.9748995,FIST,FIST,3,1462,434
5,1764351809.4780958,FIST,FIST,3,1350,418
5,1764351809.9920666,FIST,FIST,3,1216,375
5,1764351810.4975445,FIST,FIST,3,1183,388
5,1764351813.4506493,,PALM,5,,
5,1764351813.9518526,,PALM,5,,
5,1764351814.468396,,PALM,5,,
5,1764351814.9741998,,PALM,5,,
5,1764351815.481541,,PALM,5,,
5,1764351815.9847388,,PALM,5,,
5,1764351816.4875972,,PALM,5,,
5,1764351816.9975078,,PALM,5,,
5,1764351817.4993145,,PALM,5,,
5,1764351818.0103343,,PALM,5,,
5,1764351818.5160048,,PALM,5,,
5,1764351819.0285847,,PALM,5,,
5,1764351819.5420291,,PALM,5,,
5,1764351820.0466352,,PALM,5,,
5,1764351820.5478134,,PALM,5,,
5,1764351821.0525715,,PALM,5,,
5,1764351847.9964402,,PALM,5,,
5,1764351848.5302026,,PALM,5,,
5,1764351849.0350957,,PALM,5,,
5,1764351849.5546002,PALM,PALM,2,1358,677
5,1764351850.0731173,PALM,PALM,2,1352,670
5,1764351850.5898485,PALM,PALM,2,1365,667
5,1764351851.9646451,PALM,PALM,2,1356,676
5,1764351852.477908,PALM,PALM,2,1364,670
5,1764351853.0016887,PALM,PALM,2,1362,662
5,1764351853.5157044,PALM,PALM,2,1355,647
5,1764351854.0295823,PALM,PALM,2,1358,651
5,1764351854.5393655,PALM,PALM,2,1351,653
5,1764351855.058183,PALM,PALM,2,1356,660
5,1764351855.562717,PALM,PALM,2,1349,660
5,1764351856.0762446,PALM,PALM,2,1326,650
5,1764351856.5777984,PALM,PALM,2,1372,662
5,1764351857.1002338,PALM,PALM,2,1403,656
5,1764351857.6025321,FIST,FIST,3,1410,644
5,1764351858.104213,FIST,FIST,3,1414,643
5,1764351858.6165068,FIST,FIST,3,1421,644
5,1764351859.1412258,FIST,FIST,3,1429,648
5,1764351859.6521587,FIST,FIST,3,1389,646
6,1764351873.2523632,PALM,PALM,2,1932,576
6,1764351873.757049,PALM,PALM,2,1880,568
6,1764351874.2616751,PALM,PALM,2,1892,589
6,1764351874.7734811,PALM,PALM,2,1910,593
6,1764351875.2847345,PALM,PALM,2,1948,616
6,1764351875.7922416,PALM,PALM,2,2048,650
6,1764351876.2967896,PALM,PALM,2,2117,652
6,1764351876.8140104,PALM,PALM,2,2125,661
6,1764351877.3212106,PALM,PALM,2,2028,634
6,1764351877.8425345,PALM,PALM,2,1912,593
6,1764351878.350181,PALM,PALM,2,1825,555
6,1764351895.49604,FIST,FIST,3,1844,520
6,1764351896.0083368,FIST,FIST,3,1848,516
6,1764351896.5236704,FIST,FIST,3,1869,495
6,1764351897.043192,FIST,FIST,3,1863,464
6,1764351897.549035,FIST,FIST,3,1869,434
6,1764351898.0584161,FIST,FIST,3,1905,415
6,1764351898.5681405,FIST,FIST,3,1877,470
6,1764351899.0717747,FIST,FIST,3,1878,506
6,1764351899.586332,FIST,FIST,3,1924,516
6,1764351900.0933075,FIST,FIST,3,1932,505
6,1764351900.6032538,FIST,FIST,3,1860,498
6,1764351901.1200156,FIST,FIST,3,1782,476
6,1764351901.6385796,,FIST,6,,
6,1764351902.1412325,,FIST,6,,
6,1764351902.6434844,,FIST,6,,
6,1764351903.1571233,,FIST,6,,
6,1764351903.6749978,,FIST,6,,
6,1764351904.1882482,,FIST,6,,
6,1764351904.6882913,,FIST,6,,
6,1764351910.0638363,PALM,PALM,2,1831,545
6,1764351910.5833802,PALM,PALM,2,1830,531
6,1764351911.1004465,FIST,PALM,1,1841,513
6,1764351911.6088786,PALM,PALM,2,1824,533
6,1764351912.1319447,PALM,PALM,2,1820,532
6,1764351912.6487186,PALM,PALM,2,1814,530
6,1764351913.165853,PALM,PALM,2,1798,525
6,1764351913.6757963,PALM,PALM,2,1819,510
6,1764351914.1949804,PALM,PALM,2,1846,498
6,1764351914.7141645,PALM,PALM,2,1838,495
6,1764351915.2242749,PALM,PALM,2,1847,502
6,1764351915.733254,PALM,PALM,2,1875,524
6,1764351916.2474816,PALM,PALM,2,1914,535
6,1764351916.7551818,PALM,PALM,2,1952,525
6,1764351917.2700183,PALM,PALM,2,1884,507
6,1764351917.7792122,PALM,PALM,2,1814,471
6,1764351918.2895126,PALM,PALM,2,1829,470
6,1764351918.8095927,PALM,FIST,4,1813,456
6,1764351919.3233354,FIST,FIST,3,1813,451
6,1764351919.838557,FIST,FIST,3,1826,456
6,1764351920.3471565,FIST,FIST,3,1817,447
6,1764351920.853546,FIST,FIST,3,1865,431
6,1764351921.3598187,FIST,FIST,3,1933,433
6,1764351921.8800597,FIST,FIST,3,1889,441
6,1764351922.3960216,PALM,FIST,4,1809,418
6,1764351922.9185772,FIST,FIST,3,1724,408
6,1764351923.429458,FIST,FIST,3,1647,424
6,1764351923.961675,PALM,FIST,4,1694,561
6,1764351924.4960885,,FIST,6,,
6,1764351925.0109687,,FIST,6,,
6,1764351925.532939,,FIST,6,,
6,1764351926.0433471,,FIST,6,,
6,1764351926.5442903,,FIST,6,,
6,1764351927.051708,,FIST,6,,
6,1764351927.5638871,,FIST,6,,
6,1764351962.8700025,FIST,FIST,3,1868,543
6,1764351963.3772697,FIST,FIST,3,1869,559
6,1764351963.8986742,FIST,FIST,3,1850,571
6,1764351964.4122024,FIST,FIST,3,1773,541
6,1764351964.9268095,FIST,FIST,3,1706,534
6,1764351965.4412372,FIST,FIST,3,1669,501
6,1764351965.9610665,FIST,FIST,3,1709,469
6,1764351966.4661367,FIST,FIST,3,1705,432
6,1764351966.984871,FIST,FIST,3,1713,421
6,1764351967.4874966,FIST,FIST,3,1768,462
6,1764351968.0025716,FIST,FIST,3,1764,476
6,1764351968.5227008,FIST,FIST,3,1809,509
6,1764351969.0237875,FIST,FIST,3,1858,527
6,1764351969.5526977,FIST,FIST,3,1899,583
6,1764351970.0680833,FIST,FIST,3,1912,628
6,1764351970.5908086,FIST,FIST,3,1889,627
6,1764351971.1070557,FIST,FIST,3,1827,582
6,1764351971.632928,,FIST,6,,
6,1764351972.1460898,,FIST,6,,
6,1764351972.6648207,,FIST,6,,
6,1764351973.1840649,,FIST,6,,
6,1764351977.9154024,,PALM,5,,
6,1764351978.4216392,,PALM,5,,
6,1764351978.9426117,PALM,PALM,2,1936,620
6,1764351979.4606261,PALM,PALM,2,1905,642
6,1764351979.9737818,PALM,PALM,2,1911,656
6,1764351980.4904137,PALM,PALM,2,1847,628
6,1764351980.9950528,PALM,PALM,2,1749,558
6,1764351981.5035233,PALM,PALM,2,1753,552
6,1764351982.0157108,PALM,PALM,2,1779,549
6,1764351982.5225515,PALM,PALM,2,1830,565
6,1764351983.035865,PALM,PALM,2,1982,612
6,1764351983.5412824,PALM,PALM,2,2040,635
6,1764351984.0571694,PALM,PALM,2,1973,662
6,1764351984.5719798,PALM,PALM,2,1870,621
6,1764351985.0740945,PALM,PALM,2,1830,547
6,1764351985.5794947,PALM,PALM,2,1964,457
6,1764351986.0943232,PALM,PALM,2,1994,424
6,1764351986.5985713,PALM,PALM,2,2060,375
6,1764351987.1162055,PALM,PALM,2,2077,384
6,1764351987.616464,PALM,PALM,2,2062,425
6,1764351988.1166584,PALM,PALM,2,2010,441
6,1764351988.6287148,PALM,PALM,2,2120,449
6,1764351989.1470482,,PALM,5,,
6,1764351989.671138,,PALM,5,,
6,1764351990.1865287,,PALM,5,,
6,1764351990.6896763,,PALM,5,,
6,1764351991.2010636,,PALM,5,,
6,1764351991.7089996,,PALM,5,,
6,1764351992.2273312,,PALM,5,,
6,1764351992.7283516,,PALM,5,,
6,1764351993.2461264,,PALM,5,,
6,1764351993.7614207,,PALM,5,,
6,1764351994.2800531,PALM,PALM,2,1850,600
6,1764351994.7879086,PALM,PALM,2,1860,595
